"name","id","category","created","creator","location","length","actors0","actors1","actors2","actors3","actors4"
"Memories Are Made of This","00124cac-bb62-44dc-bc69-42c7bf4a9851","Funk","2021-04-07T17:46:35.890Z","Francis Ford Coppola","Canada",19,"Lucian Büttner","Anja Peter","Elia Geyer","Laureen Geissler","Cora Jamrozy"
"The Tracks of My Tears","01527c6b-9115-4518-9697-0504c0ca91b2","Hip Hop","2001-12-09T21:16:35.975Z","Hayao Miyazaki","Turkey",25,"Melinda Reimann","Cora Jamrozy","Nora Naubert","Sienna Schultz",
"(They Long to Be) Close to You","018af559-f6dd-41d2-bc6f-02aabe457261","Pop","2013-03-17T00:32:50.089Z","Hayao Miyazaki","Mexico",25,"Levi Decker","Jens Will","Sebastian Greb","Sienna Schultz","Tessa Kleinmann"
"Runaway","02464549-71bb-45a3-b62f-a8bb16ac48af","Country","2000-12-20T16:46:39.483Z","James Cameron","Mexico",13,"Claas Bauer","Levi Decker","Denise Muckenthaler","Prof. Dr. Claas Zaituc","Wibke Neuschwander"
"Take On Me","034e801f-1b15-4630-bf11-9d84f3952376","Metal","2006-11-06T20:18:39.195Z","Francis Ford Coppola","Spain",9,"Magdalena Schönball","Paul Klapper","Cora Jamrozy","Lynn Brinkmann",
"Hello Dolly","03bd114b-e40e-4890-ac61-97f353a3532a","Pop","2016-01-07T06:26:25.862Z","Martin Scorsese","Italy",22,"Ina Ewald","Dr. Paulina Ophey","Theresa Pressler","Mirco Hartz","Tiago Forkel"
"Time After Time","03c70a94-4b07-4782-8c79-f4b556effa23","Rock","2005-05-05T13:18:00.263Z","James Cameron","United States",10,"Anja Peter","Sönke Mues","Lian Komoll","James Franke",
"Mack the Knife","03fb5112-045f-4807-b55b-bea06882307f","Rock","2006-07-11T17:20:33.511Z","Steven Spielberg","Turkey",29,"Patrice Evers","Lennie Mattern","Neele Alizadeh","Marc Nastvogel","Tessa Kleinmann"
"Do Ya Think I'm Sexy?","04634cc6-518f-469f-b78d-9a3cc5245e16","Stage And Screen","2020-12-15T08:44:27.911Z","Christopher Nolan","Spain",11,"Pit Benzing","Liz Moormann","Finnley Heiser",,
"This Love","05cf2bce-cfa6-41ae-8b47-780e04a1effe","Soul","2016-06-26T03:55:37.740Z","James Cameron","Canada",14,"Tiago Forkel","Peter Stolz","Lian Komoll","Niclas Huth","Gianluca Köseoglu"
"Minnie the Moocher","0629cd0e-7b56-4720-a13c-08b38f21e753","Blues","2016-12-01T13:14:54.017Z","Francis Ford Coppola","Spain",29,"Pit Benzing","Norman Gerschler","Melissa Hildenbrand","Charlotta Tischler","Sienna Schultz"
"Down Hearted Blues","064a77b1-5897-4f6e-b7b6-3cd7ccdd40fa","Electronic","2012-11-24T04:29:27.937Z","Quentin Tarantino","France",10,"Aurora Vater","Nathan Zimanyi","Andrew Schellenbeck","Sebastian Greb","Loris Porsche"
"You Don't Have to Be a Star (To Be in My Show)","08b95ee2-eea8-49ef-aff6-eeb76363a827","World","2020-09-07T18:29:27.812Z","Alfred Hitchcock","Germany",25,"Andrew Schellenbeck","Charlotta Tischler","Hagen Spitzmüller","Alexia Lübke","Levin Balck"
"We Can Work it Out","08c3052e-2b3f-4df8-9369-0cea82cb500a","Reggae","2003-06-21T13:43:38.666Z","Quentin Tarantino","Spain",21,"Levi Decker","Cora Jamrozy","Anton Daudrich","Maryam Briesenick","Wibke Neuschwander"
"(Let Me Be Your) Teddy Bear","0b264d84-63bb-401c-ad85-bdb8ef4cb75e","World","2019-06-15T09:20:35.136Z","James Cameron","Mexico",10,"Neele Alizadeh","Luca Streese","Theresa Pressler","Peter Stolz","Finnley Heiser"
"How You Remind Me","0b8c009a-2ec8-47fa-a1fb-4c40ba7506ca","World","2001-05-11T15:11:37.764Z","Christopher Nolan","United Kingdom",30,"Franziska Abraham","Theresa Pressler","Maik Balnuweit","Yannis Alizadeh","Aimee Bogdashin"
"Runaround Sue","0bac60d5-d693-48f7-99f1-e6171a6a533e","Soul","2015-05-05T10:53:03.775Z","Stanley Kubrick","Germany",21,"Leonora Mulrain","Prof. Dr. Claas Zaituc","Norman Gerschler","Loris Porsche","Ana Hillard"
"One Bad Apple","0e410c5d-d316-4fad-adfa-a44faa932be1","World","2011-08-31T11:22:05.903Z","Francis Ford Coppola","China",30,"Oke Schultze","Franz Illing","Sienna Schultz","Andrew Schellenbeck","Niclas Huth"
"You Can't Hurry Love","0e685c83-d815-411e-9e3a-d3523a7ebe97","World","2014-10-05T02:52:53.483Z","James Cameron","Italy",29,"Viktoria Blank","Lynn Brinkmann","Prof. Dr. Tom Zahn","Laureen Geissler","Eva Wiechmann"
"Tha Crossroads","0e87c5fd-d62d-40e9-8ef2-c4ba17ed5f1b","Jazz","2013-10-27T14:20:24.157Z","Spike Lee","Germany",11,"Vin Forst","Maik Balnuweit","Ron Manns","Neele Alizadeh","Marc Nastvogel"
"Boogie Oogie Oogie","10caf6ae-57be-41ab-9e23-dd5aa4e1453d","Hip Hop","2021-04-16T07:50:22.661Z","James Cameron","Mexico",27,"Melissa Hildenbrand","Wibke Neuschwander","Claas Bauer","Levi Decker","Melinda Reimann"
"Dardanella","1387efe7-cf54-47b7-ab80-6baa8f3e89f5","Hip Hop","2020-05-06T16:24:23.367Z","Christopher Nolan","Italy",21,"Damien Morhelfer","Julian Kobs","Lucian Büttner","Andrew Schellenbeck","Dennis Steinert"
"Vaya Con Dios (may God Be With You)","15bf35c8-28ed-4c90-977f-49bebffe0922","Jazz","2011-07-17T16:18:00.993Z","Christopher Nolan","United States",5,"Claas Bauer","Sönke Mues","Kim Platzer","Sienna Schultz",
"Gold Digger","1abec74c-e919-4ff4-a18b-369d1d698979","Latin","2021-08-04T19:51:35.816Z","Quentin Tarantino","France",7,"Ron Manns","Aurora Vater","Jens Will","Sebastian Greb",
"Dreams","1bcabb6c-188b-4dc5-a84f-e1a05fe2e3b3","Pop","2016-02-08T07:28:21.488Z","James Cameron","France",13,"Sofia Marxen","Lennie Mattern","Hagen Spitzmüller","Oke Mensing","Richard Moser"
"Can You Feel the Love Tonight","1cf9f4dd-a17c-4e8a-89b0-075abfe3ec2d","Country","2010-02-28T21:18:19.423Z","Quentin Tarantino","United States",2,"Wibke Neuschwander","Melissa Hildenbrand","Lennie Mattern","Viktoria Blank","Aimee Bogdashin"
"Heart of Gold","1f978f3a-7056-436e-b62c-418b37b7b543","Latin","2016-09-14T23:57:44.148Z","Martin Scorsese","Spain",3,"Laureen Geissler","Lennie Mattern","Oke Schultze","Lian Komoll","Melinda Reimann"
"One of These Nights","20d44016-5144-4954-a2a7-73ca7993bafb","Stage And Screen","2001-08-17T03:50:39.720Z","James Cameron","China",3,"Magdalena Schönball","Laureen Geissler","Anja Heydemüller","Anton Daudrich","Jeremie Theele"
"A Woman in Love","21aec252-4e73-4d76-b798-2ff8b90a8dc5","Non Music","2006-05-16T08:19:56.186Z","Hayao Miyazaki","United Kingdom",22,"Sienna Schultz","Damien Morhelfer","James Franke","Malia De","Levin Balck"
"Maniac","242b5e5e-201f-44c4-b317-682f616ffb69","Country","2007-02-07T10:25:57.546Z","Christopher Nolan","United Kingdom",24,"Dr. Paulina Ophey","Prof. Dr. Claas Zaituc","Oke Schultze","Ron Manns","Jens Will"
"Baby Got Back","26465795-7960-4dd1-811f-babbc5cbf6b8","Metal","2014-10-27T12:45:34.109Z","Martin Scorsese","Canada",15,"Sönke Mues","James Franke","Prof. Dr. Tom Zahn","Karim Neubauer","Oke Mensing"
"Soul Man","26e8554d-e4c8-426c-be06-a3de97068a69","Funk","2003-01-09T11:25:44.784Z","Francis Ford Coppola","China",11,"Dennis Steinert","Jonte Kron","Julian Wollenberg","Ivan Poschmann","Sienna Schultz"
"Breaking Up is Hard to Do","2954b965-a881-45d8-a798-686c6c7e9341","Classical","2005-01-03T14:15:50.145Z","Christopher Nolan","Mexico",27,"Pit Benzing","Liz Moormann","Lynn Brinkmann","Vivienne Buchrucker","Richard Moser"
"Hello Dolly","2980b242-3910-4d5c-b1d1-e29d17036f00","Classical","2019-02-08T07:46:13.000Z","Spike Lee","China",17,"Jonte Kron","Levin Balck","Luca Streese","Cora Jamrozy","Paul Klapper"
"Come On-a My House","2a01b54b-a787-422e-80e5-97a4fb4c510d","Country","2018-02-03T23:43:57.587Z","Stanley Kubrick","France",11,"Tessa Kleinmann","Loris Porsche","Maryam Briesenick","Kim Platzer","Peter Stolz"
"Disco Lady","2ab7c448-29c4-4577-b176-3a7469712024","Blues","2012-06-11T10:06:49.489Z","Steven Spielberg","France",6,"Alexia Lübke","Norman Gerschler","Fiona Motzenbbäcker","Prof. Dr. Mads Humbert","Denise Muckenthaler"
"Summertime Blues","2b938d40-13d3-437c-b08a-71ba58ab14c7","Pop","2013-09-04T18:36:26.802Z","Spike Lee","France",30,"Magdalena Schönball","Prof. Dr. Mads Humbert","Carlotta Elbe","Nora Naubert","Franziska Abraham"
"Monday Monday","2c917712-1829-4cf8-82e2-06fb205fb6fd","Electronic","2022-10-02T09:57:15.425Z","Stanley Kubrick","Mexico",1,"Eva Wiechmann","Oke Schultze","Ivan Poschmann","Richard Moser","Malia De"
"I Swear","2d74e13d-92b0-4488-b6ee-b93916f82a14","Folk","2004-08-23T21:49:44.545Z","Hayao Miyazaki","Germany",0,"Kim Platzer","Patrice Evers","Henrike Fricke","Prof. Dr. Mads Humbert","Emmely Rohrer"
"Don't Be Cruel","2e4b49ca-61ca-4334-96e8-e3caff471a0e","Soul","2014-08-14T15:17:42.934Z","James Cameron","Italy",20,"Peter Stolz","Melinda Reimann","Maik Balnuweit","Tessa Kleinmann","Frau Josephine Rittweg"
"Thriller","3066fe55-2508-4001-aa5f-e73cfbb71101","Metal","2012-10-18T15:30:12.647Z","Christopher Nolan","Spain",11,"Julian Wollenberg","Lian Komoll","Dr. Paulina Ophey","Anja Peter","Lynn Brinkmann"
"Unbelievable","30851b2c-1a0c-4c79-846d-ba6ed243b6c3","Non Music","2004-08-24T13:10:40.325Z","Stanley Kubrick","Italy",17,"Jonte Kron","Levin Balck","Aurora Vater","Oke Schultze","Norman Gerschler"
"Mr Tambourine Man","3090fbdd-99ac-4dbc-84f1-adff5901f150","Funk","2006-11-08T21:25:54.628Z","Hayao Miyazaki","China",7,"Karim Neubauer","Nathan Zimanyi","Pit Benzing","Eva Wiechmann","Lucian Büttner"
"The Last Dance","3167f02e-06b2-49e6-9cc1-66e2df27f979","Funk","2015-04-12T05:37:32.962Z","Hayao Miyazaki","Spain",22,"Franz Illing","Ana Hillard","Tessa Kleinmann","Ina Ewald","Wibke Neuschwander"
"Mmmbop","3275a9dc-9d5e-4c5e-9985-dbc10882bbdd","Rap","2007-07-06T06:28:16.790Z","Christopher Nolan","United States",16,"Vivienne Buchrucker","Liz Moormann","Yunus Kaul","Nora Naubert","Ina Ewald"
"Like a Prayer","33890311-1a24-4f44-a279-d24a524523cf","Rock","2019-09-22T22:54:03.317Z","Quentin Tarantino","Canada",17,"Maike Koubaa","Malia De","Yunus Kaul","Franz Illing","Tiago Forkel"
"Smoke! Smoke! Smoke! (That Cigarette)","3621e06f-eb0f-4cde-ae7b-8b0484944a4a","Hip Hop","2003-06-07T06:17:34.611Z","Spike Lee","Italy",8,"Mirco Hartz","Melinda Reimann","Pit Benzing","Jonte Kron","Dr. Jolin Benzing"
"How to Save a Life","37c4486c-6b45-4474-9359-49a690c29c3d","Blues","2018-09-16T22:26:23.240Z","Spike Lee","United Kingdom",7,"Aliya Cors","Emmely Rohrer","Gianluca Köseoglu","Eva Wiechmann","Jeremie Theele"
"Hips don't lie","38395f9b-34a8-4c31-a91a-f09213d2ac6e","Rap","2009-08-29T05:18:37.993Z","Francis Ford Coppola","Italy",19,"Maike Koubaa","Yunus Kaul","Claas Bauer","Sebastian Greb","Andrew Schellenbeck"
"The Last Dance","3a19e353-012a-4620-a1bb-9dd4abab3b52","Jazz","2013-12-09T00:49:30.701Z","Alfred Hitchcock","Mexico",13,"Levin Balck","Thomas Holdt","Dr. Jolin Benzing","Vivienne Buchrucker",
"Hey There Delilah","3d0d400f-b647-4092-8130-e8665ba94992","Latin","2013-06-10T19:53:57.588Z","Steven Spielberg","United Kingdom",5,"Ron Manns","Fiona Motzenbbäcker","Levi Decker","Nathan Zimanyi","Vin Forst"
"Because of You","3d994778-7d7c-46dc-acfe-4ec379da20c4","Blues","2012-08-08T04:51:09.518Z","Spike Lee","Spain",13,"Riccardo Tischmann","Sienna Schultz","Richard Moser","Franz Illing","Denise Muckenthaler"
"Ol' Man River","42265e05-fae9-4c84-a41d-1a202078ae0d","Stage And Screen","2006-10-05T22:13:46.976Z","Alfred Hitchcock","China",21,"Liz Moormann","Sönke Mues","Andrew Schellenbeck","Aliya Cors","Liana Herrmann"
"Aquarius/Let The Sunshine In","425120f2-f7bb-4890-bed9-54a8a93db7f0","Rap","2002-01-05T03:26:23.649Z","Alfred Hitchcock","Canada",21,"Maik Sagonas","Carlotta Elbe","Malia De","Loris Porsche","Jeremie Theele"
"Livin' On a Prayer","439240f2-bad5-4c07-8fb9-307ae89742af","Classical","2001-05-12T01:18:56.968Z","Spike Lee","United States",29,"Nathan Zimanyi","Nora Naubert","Laureen Geissler","Anja Heydemüller","Gianluca Köseoglu"
"Grease","43db22a9-6bc6-49f5-93a7-9e5a71693697","Pop","2013-06-14T13:17:51.746Z","Francis Ford Coppola","Turkey",22,"Ivan Poschmann","Anja Peter","Jil Beck","Pit Benzing","Oke Mensing"
"All Night Long (All Night)","44dd71ab-f187-4379-a6fe-714eb607634e","Blues","2001-03-29T14:44:57.663Z","Hayao Miyazaki","Canada",19,"Norman Gerschler","Melinda Reimann","Maike Koubaa","Liana Herrmann",
"April Showers","4514666c-c42e-4722-be45-8a568e11eaa8","Soul","2003-03-05T18:13:50.783Z","Hayao Miyazaki","Mexico",30,"Janosch Östringer","Ivan Poschmann","Tiago Forkel","Damien Morhelfer","Prof. Dr. Mads Humbert"
"The Streak","467c5aff-21a5-4317-8bb2-dba13ef53d10","Hip Hop","2002-07-28T15:20:04.508Z","Martin Scorsese","Germany",8,"Zehra Donie","Charlotta Tischler","Oke Schultze","Franz Illing","Eva Wiechmann"
"Beautiful Day","48884b8a-d81b-4ba5-ad60-13ca622652ce","Latin","2008-02-11T23:16:26.323Z","Christopher Nolan","Germany",5,"Marc Nastvogel","Mirco Hartz","Sönke Mues","Maik Sagonas","Laureen Geissler"
"Sweet Georgia Brown","48ef99b1-f930-4e29-ac93-4da5e19882f7","Rock","2005-02-11T06:32:50.277Z","Alfred Hitchcock","United States",19,"Julian Wollenberg","Norman Gerschler","Levin Balck","Vin Forst","Anja Peter"
"Single Ladies (Put A Ring On It)","49cf2cf6-8522-4672-b461-7af2f8344441","Folk","2017-01-16T17:53:08.281Z","Hayao Miyazaki","United Kingdom",30,"Elias Cordes","Hagen Spitzmüller","Peter Stolz","Maik Sagonas","Liana Herrmann"
"Walk Like an Egyptian","4b7b6cc0-25c1-4387-a94a-23c4645c8cc7","Stage And Screen","2008-05-08T05:41:50.239Z","Hayao Miyazaki","China",26,"Prof. Dr. Mads Humbert","Paul Klapper","Lian Komoll","Ina Ewald","Marc Nastvogel"
"Wayward Wind","4c47c840-6aea-42cd-8e2a-88645a91e679","Stage And Screen","2013-01-13T19:26:01.553Z","Francis Ford Coppola","China",29,"Hagen Spitzmüller","Mirco Hartz","Elia Geyer","Oke Mensing","Maik Balnuweit"
"My Love","4c6a9679-a53c-44b2-b908-80323e98d5fc","Pop","2015-05-12T08:31:50.732Z","Christopher Nolan","Mexico",20,"Ivan Poschmann","Lene Philipp","Henrike Fricke","Emmely Rohrer","Alexia Lübke"
"(I've Got a Gal In) Kalamazoo","4d83e359-f4f9-4e85-9a6f-4eaaf5008586","Blues","2015-12-30T14:45:53.121Z","Quentin Tarantino","United States",15,"Vin Forst","Lennie Mattern","Sebastian Greb","Norman Gerschler","Fiona Motzenbbäcker"
"Private Eyes","4d8d9f27-c166-4e8e-8162-f11f1051cada","Latin","2013-04-16T03:00:54.620Z","Hayao Miyazaki","Turkey",21,"Tiago Forkel","Jens Will","Liana Herrmann","Sebastian Greb",
"Bridge Over Troubled Water","4ec38520-f872-405e-bc6e-932fc39e20f6","Jazz","2022-10-20T20:16:12.901Z","Francis Ford Coppola","Germany",5,"Eva Wiechmann","Anja Peter","Dr. Jolin Benzing","Loris Porsche","Ina Ewald"
"On Bended Knee","5053c6ce-9fe2-45f3-bfa9-fdc71151be98","Metal","2000-12-28T19:00:15.076Z","Steven Spielberg","Germany",18,"Hagen Spitzmüller","Dr. Paulina Ophey","Melinda Reimann","Maik Balnuweit","Jens Will"
"My Life","505f8a9f-e57c-4629-b5a7-5cc76c450498","Pop","2014-12-22T04:36:22.536Z","Quentin Tarantino","Canada",24,"Sebastian Greb","Sienna Schultz","Maik Sagonas","Thomas Holdt","Riccardo Tischmann"
"Under the Bridge","50b6035e-9322-4676-94f4-e7babeff5478","Funk","2014-05-06T02:02:48.637Z","Martin Scorsese","China",7,"Sebastian Greb","Leonora Mulrain","Frau Josephine Rittweg","Yunus Kaul","Neele Alizadeh"
"Dancing in the Dark","50da7aa0-0a52-4cdf-a908-b21bb0df9edd","Non Music","2000-11-03T00:01:13.924Z","Francis Ford Coppola","United Kingdom",21,"Niclas Huth","Patrice Evers","Lynn Brinkmann","Charlotta Tischler","Denise Muckenthaler"
"Before The Next Teardrop Falls","53c16d04-bcbb-4af2-8e57-615ffc5cdb02","Funk","2014-03-06T08:05:00.287Z","Francis Ford Coppola","Turkey",18,"Ron Manns","Ina Ewald","Luca Streese","Aliya Cors","Viktoria Blank"
"Mrs Brown You've Got a Lovely Daughter","5596e0a0-d7a2-431c-8399-27d1fcbba881","Hip Hop","2022-04-01T08:36:18.545Z","Alfred Hitchcock","China",24,"Lennie Mattern","Maik Sagonas","Theresa Pressler","Peter Stolz","Elias Cordes"
"Don't Be Cruel","5720b705-3319-4e10-a119-35e6edda6e11","Hip Hop","2007-01-01T08:17:45.639Z","Francis Ford Coppola","Turkey",30,"Lynn Brinkmann","Lennie Mattern","Melinda Reimann","Theresa Pressler","Frau Josephine Rittweg"
"Mr Brightside","5783da25-b005-4171-aab9-3d1140a3b789","Blues","2020-09-08T04:55:04.179Z","Spike Lee","United States",9,"Melinda Reimann","Maike Koubaa","Maryam Briesenick","Aliya Cors","Sienna Schultz"
"Temperature","5968fa81-9437-4a25-bb5d-271906616cc6","Hip Hop","2017-10-13T01:09:53.649Z","James Cameron","France",1,"Paul Klapper","Lennie Mattern","Mirco Hartz","Neele Alizadeh","Luca Streese"
"Paperback Writer","59ed040e-2fcb-4568-8b70-683a91972ea4","Latin","2005-10-27T04:20:12.183Z","Francis Ford Coppola","China",13,"Patrice Evers","Franz Illing","Fiona Motzenbbäcker","Prof. Dr. Tom Zahn","Dr. Paulina Ophey"
"Viva La Vida","5a248092-d175-467e-9c43-4bbe96b81f9b","Funk","2002-11-16T22:12:23.875Z","Alfred Hitchcock","Turkey",1,"Frau Josephine Rittweg","Julian Wollenberg","Loris Porsche","Malia De",
"Swanee","5a673a4e-166b-4e89-88a2-4cc840596c05","Metal","2006-01-18T07:06:40.024Z","Christopher Nolan","Mexico",15,"Liana Herrmann","Dr. Jolin Benzing","Dr. Dorothea Langhirt","Emmely Rohrer",
"ABC","5ae42d70-a974-4ce1-be24-c10f4eb8576d","Blues","2007-12-18T01:16:42.691Z","Alfred Hitchcock","United States",30,"Peter Stolz","Elia Geyer","Oke Schultze","Aurora Vater","Liz Moormann"
"Don't Worry Be Happy","5b41a190-a2f4-41f0-8fd4-0391ec233019","Non Music","2000-11-23T02:11:00.101Z","Christopher Nolan","Canada",20,"Franziska Abraham","Elias Cordes","Marc Nastvogel","Anja Peter","Henrike Fricke"
"Incense & Peppermints","5b4360fd-6197-416a-8af6-2a1615667c63","Soul","2006-04-30T01:19:27.530Z","Christopher Nolan","United States",28,"Vivienne Buchrucker","Tiago Forkel","Prof. Dr. Claas Zaituc","Herr Danny Steinkamp","Franz Illing"
"Love to Love You Baby","5bbb0f43-24de-45c6-8b55-fce2eb9d7b1f","Rap","2008-08-19T22:37:49.275Z","Steven Spielberg","Mexico",5,"Yunus Kaul","Aliya Cors","Lynn Brinkmann","Kim Platzer","Liz Moormann"
"December 1963 (Oh What a Night)","5cc7d4f5-57c7-4ec9-bb9e-93df0664d0aa","Rap","2014-07-27T05:07:28.618Z","James Cameron","Mexico",10,"Prof. Dr. Claas Zaituc","Alexia Lübke","Ana Hillard","Prof. Dr. Mads Humbert","Anton Daudrich"
"I'm Yours","5cd14c40-4665-4b5a-b330-a444d8e7946d","Country","2018-01-16T15:23:44.399Z","Hayao Miyazaki","China",16,"Julian Wollenberg","Lennie Mattern","Thomas Holdt","Levi Decker",
"Call Me Maybe","5e5a19a4-602b-4647-b9f3-18b24a2ec7af","Non Music","2007-12-06T22:29:44.839Z","Steven Spielberg","Canada",4,"Hagen Spitzmüller","Anton Daudrich","James Franke","Maike Koubaa","Janosch Östringer"
"Wichita Lineman","5e8b4429-2452-4762-a672-523a3cf72ff3","Rap","2016-11-11T21:47:52.216Z","Francis Ford Coppola","Italy",18,"Maik Balnuweit","Sienna Schultz","Maryam Briesenick","Peter Stolz","Tiago Forkel"
"My Sharona","5efbd831-1ba6-4d82-a0ed-bfb312c62157","Blues","2003-02-27T13:04:48.315Z","Spike Lee","Spain",23,"Nathan Zimanyi","Pit Benzing","Luca Streese","Nora Naubert","Leonora Mulrain"
"You Always Hurt the One You Love","60b5526d-a9dd-4f89-ae78-7e3135acd2cc","World","2004-02-04T19:26:50.555Z","Stanley Kubrick","Italy",6,"Eva Wiechmann","Maike Koubaa","Lynn Brinkmann","Levin Balck","Aurora Vater"
"Born in the USA","61e118da-0359-4252-906a-f162a35d2d3b","World","2006-07-25T11:42:32.937Z","Quentin Tarantino","Italy",11,"James Franke","Jens Will","Elias Cordes","Nathan Zimanyi","Liana Herrmann"
"Killing Me Softly With His Song","644a38dc-4c68-4ad8-ae04-9236a4c5b8bb","Blues","2004-07-18T09:04:28.926Z","Alfred Hitchcock","Mexico",26,"Frau Josephine Rittweg","Herr Danny Steinkamp","Lian Komoll","Loris Porsche","Theresa Pressler"
"Sugar Sugar","64c03f9b-b7cd-4d5a-b878-f917c0c516e3","Latin","2016-04-23T21:27:23.756Z","Quentin Tarantino","United Kingdom",15,"Jil Beck","Janosch Östringer","Riccardo Tischmann","Thomas Holdt","Vivienne Buchrucker"
"The End of the World","6592973a-9c38-43af-bca3-17fec922db66","Blues","2011-09-26T13:08:42.824Z","Alfred Hitchcock","Italy",8,"Nora Naubert","Melinda Reimann","Jil Beck","Thomas Holdt","Neele Alizadeh"
"Happy Together","668d072a-486c-4f27-90f5-de1b948cc8c4","Funk","2015-07-30T03:12:39.747Z","Stanley Kubrick","Turkey",21,"Dr. Jolin Benzing","Fiona Motzenbbäcker","Andrew Schellenbeck","Finnley Heiser","Liz Moormann"
"Uncle Albert (Admiral Halsey)","683806c8-7c37-471a-9cc3-97ef33ff6543","Blues","2005-01-11T11:30:33.628Z","Martin Scorsese","France",16,"Denise Muckenthaler","Jonte Kron","Jil Beck","Peter Stolz","Elia Geyer"
"She Drives Me Crazy","68cb9389-b906-431b-9105-2e0bd2d247d5","World","2011-11-27T23:45:35.236Z","Quentin Tarantino","Spain",18,"Melissa Hildenbrand","Anja Heydemüller","Lene Philipp","Riccardo Tischmann","Ina Ewald"
"Pennies From Heaven","6ab005bc-02f7-4e0c-b2a8-edc966ff8ffd","Metal","2004-01-12T07:46:11.297Z","Steven Spielberg","United Kingdom",28,"Sönke Mues","Lian Komoll","Laureen Geissler","Curt Seiders","Yannis Alizadeh"
"Waiting For a Girl Like You","6d431131-55f7-410b-9b96-c52fc451ce33","Electronic","2011-05-28T14:09:02.416Z","Martin Scorsese","Mexico",1,"Melinda Reimann","Maryam Briesenick","Lene Philipp","Carlotta Elbe","Patrice Evers"
"April Showers","6e404e18-b1f1-4620-b230-01aec6d41731","Electronic","2006-08-27T06:18:21.218Z","Stanley Kubrick","China",20,"Zehra Donie","Karim Neubauer","Prof. Dr. Mads Humbert","Aliya Cors","Finnley Heiser"
"With Or Without You","70bc372e-9250-445f-b247-54d2e245f1e8","Jazz","2011-05-20T21:00:23.966Z","Hayao Miyazaki","Spain",24,"Aurora Vater","Sienna Schultz","Vivienne Buchrucker","Aliya Cors",
"Daydream Believer","727bb2a4-6329-4f50-aa95-67745b2ba1c9","Rock","2010-03-12T03:47:01.221Z","Martin Scorsese","Spain",19,"Maike Koubaa","Nathan Zimanyi","Aliya Cors","Hagen Spitzmüller","Julian Wollenberg"
"Crimson & Clover","72cd6b6d-467a-4650-930c-ccff9fa49945","Rap","2008-04-17T21:18:38.939Z","James Cameron","Canada",3,"Elia Geyer","Ina Ewald","Janosch Östringer","Maike Koubaa",
"King of the Road","7310c8a1-ea9a-4486-bf1b-eec4784ea84e","Folk","2007-06-12T23:45:14.927Z","Quentin Tarantino","United States",9,"Viktoria Blank","Maryam Briesenick","Cora Jamrozy","Prof. Dr. Claas Zaituc",
"Everybody Loves Somebody","74fb4f18-6043-45fa-a9a6-a3e5cf59717b","Country","2008-12-31T00:14:07.547Z","Stanley Kubrick","Spain",11,"Aimee Bogdashin","Ina Ewald","Oke Schultze","Yunus Kaul","Maik Sagonas"
"We Are Family","760195c7-f781-49cf-af1c-02810e43fbc6","Soul","2006-05-13T03:58:33.306Z","Stanley Kubrick","Germany",9,"Niclas Huth","Levi Decker","Wibke Neuschwander","Henrike Fricke","Anja Peter"
"Wanted","77a64f08-51a6-4e90-bb28-ef0d3cb8799f","Jazz","2005-08-09T03:16:54.613Z","Stanley Kubrick","Italy",14,"Sofia Marxen","Sienna Schultz","Melinda Reimann","Neele Alizadeh","Lynn Brinkmann"
"I Will Always Love You","7ab3acf2-f04c-48b4-a6fc-e6ce466c72aa","World","2012-01-23T10:28:57.015Z","Christopher Nolan","Italy",21,"Magdalena Schönball","Kim Platzer","Anja Peter","Alexia Lübke","Ana Hillard"
"Heartbreak Hotel","7be0663d-d7c7-4ff5-9572-6f4b0d0a4172","Pop","2005-09-18T16:26:23.784Z","Stanley Kubrick","United States",0,"Ina Ewald","Prof. Dr. Tom Zahn","Mirco Hartz","Anja Peter","Neele Alizadeh"
"Green Onions","7c93217e-6b8a-4bf5-b015-f50bc1a36b1a","Funk","2010-10-16T22:29:01.998Z","Steven Spielberg","France",6,"Tessa Kleinmann","Anton Daudrich","Ron Manns","Kim Platzer","Dr. Paulina Ophey"
"Twist & Shout","7d3285d3-2f58-4748-8855-dacfcafeac3d","Funk","2010-11-23T12:27:12.004Z","Alfred Hitchcock","United States",3,"Oke Mensing","Franz Illing","Fiona Motzenbbäcker","Viktoria Blank",
"Ring My Bell","7f85bd1b-af47-45cc-8f1e-10e0b24b290c","Soul","2002-04-07T06:00:48.312Z","Alfred Hitchcock","Spain",27,"Loris Porsche","Maike Koubaa","Aliya Cors","Janosch Östringer","Vin Forst"
"I'm So Lonesome I Could Cry","82f21c26-dffa-4c5e-999a-502f238a19ab","Electronic","2012-02-10T17:23:35.065Z","Alfred Hitchcock","Italy",26,"Henrike Fricke","Magdalena Schönball","Tiago Forkel","Fiona Motzenbbäcker","Peter Stolz"
"Tom Dooley","84081f86-9eb3-4a0f-a6b1-189ea031efc3","Jazz","2006-11-09T06:11:19.729Z","Quentin Tarantino","United States",10,"Lynn Brinkmann","Elias Cordes","Denise Muckenthaler","Levi Decker","Liz Moormann"
"Knock Three Times","851d90cc-eee7-4ba2-8d44-6bbf8a7525e2","Hip Hop","2022-03-07T22:24:10.055Z","Martin Scorsese","France",19,"Herr Danny Steinkamp","Levin Balck","Malia De","Riccardo Tischmann","Dr. Dorothea Langhirt"
"I'm So Lonesome I Could Cry","85d9558b-b85d-4916-b3ed-01764f53228a","Blues","2015-09-05T14:32:22.801Z","Alfred Hitchcock","United Kingdom",7,"Tiago Forkel","Dr. Jolin Benzing","Herr Danny Steinkamp","Melissa Hildenbrand","Janosch Östringer"
"Cathy's Clown","86a2e30f-a928-4b12-aba5-1a93439361dc","Rap","2016-02-06T16:37:00.408Z","Stanley Kubrick","Spain",18,"Alexia Lübke","Emmely Rohrer","Eva Wiechmann","Mirco Hartz","Maryam Briesenick"
"(Let Me Be Your) Teddy Bear","86eb0e77-79de-4684-bc86-bf349a588dec","Classical","2009-04-01T23:14:03.631Z","Stanley Kubrick","Germany",29,"Maike Koubaa","Paul Klapper","Emmely Rohrer","Maryam Briesenick","Riccardo Tischmann"
"Stand By Me","872c54b4-cbeb-48cd-b07e-e8c3bcae8b2d","Classical","2016-07-13T04:37:33.872Z","Alfred Hitchcock","Germany",27,"Ivan Poschmann","Anton Daudrich","Niclas Huth","Richard Moser","Jil Beck"
"Kiss On My List","87d83581-08c4-42b6-b79a-743bb4f81a5c","Soul","2020-05-14T07:53:48.753Z","Stanley Kubrick","United Kingdom",30,"Marc Nastvogel","Aliya Cors","Yunus Kaul","Eva Wiechmann","Maike Koubaa"
"Green River","88e0debe-61e3-480e-8243-f8f9539a5cd5","Non Music","2020-12-04T18:42:07.878Z","Steven Spielberg","China",2,"Oke Mensing","Jonte Kron","Cora Jamrozy","Aimee Bogdashin","Aurora Vater"
"Apologize","8bade5a3-c79a-46c5-940f-e5dfe49e34f7","Classical","2019-07-29T20:36:08.723Z","James Cameron","Germany",16,"Henrike Fricke","Levi Decker","Kim Platzer","Finnley Heiser","Maik Balnuweit"
"Ode To Billie Joe","8bc454b0-a6a9-4c2d-8e42-c7ff414b88d7","Folk","2022-05-05T04:26:06.771Z","Quentin Tarantino","Canada",26,"Cora Jamrozy","Lynn Brinkmann","Maik Sagonas","Franziska Abraham","Julian Kobs"
"Don't You Want Me","8c238139-41b7-49a9-a570-61c2b5df9fcb","Rap","2009-10-14T10:25:47.022Z","Spike Lee","Turkey",27,"Nathan Zimanyi","Norman Gerschler","Lennie Mattern","Aurora Vater",
"Can't Help Falling in Love","8c7f3edf-cf89-45dc-921a-697db780cdec","Soul","2010-05-05T00:05:14.058Z","Martin Scorsese","United Kingdom",11,"Levin Balck","Pit Benzing","Janosch Östringer","Cora Jamrozy","Maike Koubaa"
"Kiss","8d04bc0c-4040-4d47-a27a-b314f16c3130","Rap","2018-08-08T07:18:28.374Z","Steven Spielberg","United States",2,"Jil Beck","Maik Balnuweit","Curt Seiders","Herr Danny Steinkamp","Elia Geyer"
"People","8df0ff79-ddc1-4664-a974-d32e2f1af4ed","Country","2014-06-24T01:10:25.541Z","Martin Scorsese","Italy",26,"Richard Moser","Liana Herrmann","Cora Jamrozy","Herr Danny Steinkamp","Malia De"
"Theme From 'A Summer Place'","8f4d3c4f-ce76-4203-ac01-d6509e35be9d","Hip Hop","2020-06-21T06:00:37.108Z","Quentin Tarantino","Spain",22,"Lian Komoll","Prof. Dr. Tom Zahn","Kim Platzer","Malia De","Maike Koubaa"
"Yeah!","900c8739-89b2-4904-8ec6-30523dc424c8","Rock","2020-12-09T16:37:54.921Z","Steven Spielberg","Mexico",30,"Finnley Heiser","Luca Streese","Dennis Steinert","Jeremie Theele","Levin Balck"
"My Guy","90a7722a-ac3c-4e4f-85ba-65b728af8b0f","Metal","2005-07-23T17:42:39.548Z","Martin Scorsese","Germany",26,"Mirco Hartz","Thomas Holdt","Zehra Donie","Jeremie Theele","Liz Moormann"
"You're Beautiful","9180055c-9d49-4c5e-a784-a145e7f48ee3","Non Music","2013-07-21T03:22:25.501Z","Stanley Kubrick","Spain",12,"Paul Klapper","James Franke","Jonte Kron","Damien Morhelfer","Levin Balck"
"Bad Girls","9198e922-89a1-44c5-994c-e67947ea37e1","Rock","2019-08-08T19:04:41.480Z","Spike Lee","China",9,"Viktoria Blank","Peter Stolz","Julian Wollenberg","Laureen Geissler","Charlotta Tischler"
"Brother Louie","955f343b-3149-46e1-a904-44f4197a55fc","Blues","2017-01-18T16:23:45.154Z","Quentin Tarantino","France",30,"Sofia Marxen","Julian Wollenberg","Levi Decker","Riccardo Tischmann","Nathan Zimanyi"
"Grenade","9616771e-af00-4584-86a9-41cc473dd523","Non Music","2011-01-25T07:55:09.734Z","Steven Spielberg","Turkey",21,"Lian Komoll","Luca Streese","Wibke Neuschwander","Frau Josephine Rittweg",
"One of Us","97f9f243-a368-4d72-a7ba-1c42b5aebb9e","Reggae","2022-07-25T09:57:00.181Z","Steven Spielberg","Turkey",3,"Karim Neubauer","Yannis Alizadeh","Levi Decker","Elias Cordes","Jeremie Theele"
"Till I Waltz Again With You","990dea53-ecec-4aa5-9992-393d3829f466","Jazz","2017-12-16T02:50:08.447Z","Christopher Nolan","Italy",22,"Theresa Pressler","Prof. Dr. Claas Zaituc","Oke Mensing","Emmely Rohrer","Liz Moormann"
"Rock the Boat","9a14a012-f68b-4a50-aed1-0f194e8502bf","Hip Hop","2006-08-16T20:43:18.476Z","Alfred Hitchcock","Spain",20,"Julian Kobs","Hagen Spitzmüller","Norman Gerschler","Lucian Büttner","Prof. Dr. Mads Humbert"
"Burn","9b456b2a-d751-441d-b84f-de5fe83b5e87","Hip Hop","2010-07-31T23:31:15.384Z","Christopher Nolan","Germany",27,"Sebastian Greb","Emmely Rohrer","Fiona Motzenbbäcker","Neele Alizadeh","Carlotta Elbe"
"Hey There","9b717b4c-944d-43c2-952e-c1655eac2dce","Electronic","2002-12-08T02:31:33.858Z","Hayao Miyazaki","Spain",2,"Herr Danny Steinkamp","Damien Morhelfer","Prof. Dr. Tom Zahn","Theresa Pressler","James Franke"
"Make it With You","9ba67cbd-237e-48da-8bec-309366f1c6d7","Pop","2006-08-07T14:27:54.407Z","Francis Ford Coppola","Germany",24,"Levi Decker","Alexia Lübke","Tessa Kleinmann","Leonora Mulrain","Lynn Brinkmann"
"Nights in White Satin","9dcf6537-c895-4888-a28b-09c71f9e6c5b","Non Music","2022-08-08T00:11:01.115Z","James Cameron","China",7,"Zehra Donie","Melinda Reimann","Levi Decker","Niclas Huth","James Franke"
"Some Enchanted Evening","a0e6d31e-121a-4ffc-af24-9f4d7e8e7c46","Soul","2003-05-22T06:06:48.730Z","Quentin Tarantino","Germany",2,"Janosch Östringer","Curt Seiders","Prof. Dr. Mads Humbert","Aliya Cors","Melinda Reimann"
"One O'Clock Jump","a1ebdd0c-cbe2-4a33-9616-79da760c1ab8","Blues","2021-01-12T03:41:30.144Z","James Cameron","United Kingdom",8,"Liana Herrmann","Dr. Paulina Ophey","Dr. Dorothea Langhirt","Julian Wollenberg","Elia Geyer"
"The Christmas Song (Chestnuts Roasting On An Open Fire)","a235e286-14d6-44d4-8b1a-43ff1772891c","Pop","2010-03-23T15:52:48.856Z","Spike Lee","United Kingdom",20,"Lucian Büttner","Loris Porsche","Patrice Evers","Mirco Hartz","Theresa Pressler"
"Help Me","a36e4b58-fd02-4ffd-92f6-bf9e8fa85c05","Folk","2016-04-29T23:11:36.554Z","Francis Ford Coppola","Spain",29,"Anja Peter","Jens Will","Gianluca Köseoglu","Sofia Marxen","Sienna Schultz"
"Hot Child In The City","a3b0ff91-24f1-4125-9b31-67d11ef9af25","Metal","2012-07-03T00:25:59.385Z","Christopher Nolan","Italy",23,"Elia Geyer","Liz Moormann","Tiago Forkel","Denise Muckenthaler","Damien Morhelfer"
"Bitter Sweet Symphony","a5382918-0792-48ea-bd02-611960fa3944","World","2011-12-15T09:36:20.499Z","James Cameron","Mexico",22,"Aimee Bogdashin","Denise Muckenthaler","Lennie Mattern","Niclas Huth","Cora Jamrozy"
"Hard to Say I'm Sorry","a6052e52-6af1-4635-9d0b-881722626902","Reggae","2006-09-08T15:36:41.858Z","Francis Ford Coppola","United States",15,"Elia Geyer","Sofia Marxen","Denise Muckenthaler","Julian Wollenberg","Herr Danny Steinkamp"
"Wake Me Up Before You Go Go","a6170176-7976-454e-9a82-a5955399227c","Rock","2013-01-04T05:51:56.349Z","Alfred Hitchcock","France",19,"Curt Seiders","Anja Peter","Jonte Kron","Charlotta Tischler","Franziska Abraham"
"Boom Boom Pow","a66a73b8-c9df-4ece-a1f9-c4c596a02629","Non Music","2014-08-25T18:38:12.335Z","Martin Scorsese","France",18,"James Franke","Claas Bauer","Franziska Abraham","Curt Seiders",
"Bleeding Love","a6f440c4-22b6-46dd-aa96-2d3d58d39f8f","Stage And Screen","2021-11-08T12:25:15.920Z","Alfred Hitchcock","Italy",13,"Janosch Östringer","Dennis Steinert","Sebastian Greb","Norman Gerschler","Tessa Kleinmann"
"Baby Got Back","a85cbf0a-aab9-4608-a2bc-400faeba3732","World","2007-05-19T07:02:10.907Z","Christopher Nolan","Canada",10,"Anton Daudrich","Tiago Forkel","Ron Manns","Sönke Mues","James Franke"
"Good Lovin'","a93c4961-8a82-42b8-b750-4bbdcd698bc4","Blues","2019-07-11T16:45:41.927Z","Stanley Kubrick","Spain",20,"Pit Benzing","Peter Stolz","Melinda Reimann","Anja Heydemüller","Herr Danny Steinkamp"
"It Had to Be You","a9ecb70d-86d6-4cf2-a7d3-7c96d6472239","Metal","2001-04-28T15:31:34.742Z","Martin Scorsese","United States",26,"Franz Illing","Pit Benzing","Gianluca Köseoglu","Damien Morhelfer","James Franke"
"Wild Thing","afb4c1ad-69c2-48bc-b9bd-e21d68eaaffa","Electronic","2010-04-12T01:06:11.638Z","Alfred Hitchcock","Canada",19,"Malia De","Marc Nastvogel","Ivan Poschmann","Vivienne Buchrucker","Theresa Pressler"
"The Glow-Worm","b00e95eb-7b46-4050-8817-0753649dd733","Hip Hop","2000-12-13T08:56:23.513Z","Quentin Tarantino","France",10,"Gianluca Köseoglu","Jonte Kron","Kim Platzer","Loris Porsche","Sebastian Greb"
"Hero","b0a55e0c-05c4-486c-9679-36f0643aac99","Blues","2001-01-30T07:33:36.597Z","James Cameron","Germany",14,"Aurora Vater","Nora Naubert","Karim Neubauer","Richard Moser","Julian Wollenberg"
"How High the Moon","b2d948fc-b50f-4dd5-85e1-28b68a58eade","Classical","2016-07-28T15:30:30.332Z","Steven Spielberg","Spain",29,"Ana Hillard","Prof. Dr. Claas Zaituc","Finnley Heiser","Mirco Hartz","Ron Manns"
"Don't Stop 'Til You Get Enough","b45ae164-dc3f-4104-ad88-f7c4641eb18b","Rock","2022-04-16T01:54:54.558Z","Stanley Kubrick","China",24,"Eva Wiechmann","Thomas Holdt","Mirco Hartz","Dr. Dorothea Langhirt","Sofia Marxen"
"Let's Groove","b708ac8d-d20d-4e07-b3af-512f34314080","Electronic","2005-03-29T16:37:47.655Z","Spike Lee","France",27,"Charlotta Tischler","Anja Heydemüller","Andrew Schellenbeck","Julian Kobs",
"Bleeding Love","b7f8f55b-64ae-445d-a908-2b359ea561c4","Hip Hop","2010-08-02T19:56:13.691Z","Martin Scorsese","United States",14,"Charlotta Tischler","Leonora Mulrain","Yannis Alizadeh","Claas Bauer","Lucian Büttner"
"Lookin' Out My Back Door","b85bebe3-d3e9-47d0-b422-0b45e6ff8638","Blues","2017-02-19T10:04:56.538Z","Steven Spielberg","United States",19,"Liana Herrmann","Lian Komoll","Levin Balck","Alexia Lübke","Prof. Dr. Tom Zahn"
"Raindrops Keep Falling On My Head","b931ea28-8758-4e2b-bc45-ee916d4b9794","Blues","2009-11-18T20:06:39.006Z","Hayao Miyazaki","Turkey",12,"Cora Jamrozy","Neele Alizadeh","Levin Balck","Jeremie Theele",
"Ol' Man River","bae92668-4088-4d8e-9fa2-f7b2dd2e1513","Folk","2014-07-28T06:37:10.577Z","Quentin Tarantino","Germany",7,"Riccardo Tischmann","Janosch Östringer","Fiona Motzenbbäcker","Elias Cordes","Sebastian Greb"
"Roll With It","bc46dadf-86e2-4998-b131-7649b1dc8bcf","Funk","2016-03-29T07:52:19.917Z","Stanley Kubrick","United States",5,"Aimee Bogdashin","Riccardo Tischmann","Marc Nastvogel","Mirco Hartz","Sofia Marxen"
"Afternoon Delight","bdb4d22f-d423-4b32-8a71-03590276f6ef","Soul","2016-12-04T16:23:59.905Z","Alfred Hitchcock","United Kingdom",11,"Ana Hillard","Ron Manns","Finnley Heiser","Yannis Alizadeh","Sebastian Greb"
"Somebody to Love","be8ffaf9-a71b-46f5-b4bf-66931c8e6b16","Pop","2003-12-13T04:23:32.932Z","Alfred Hitchcock","United States",9,"Lucian Büttner","Nora Naubert","Patrice Evers","Yannis Alizadeh",
"Smoke Gets in Your Eyes","beb3cfd0-ba3f-454f-964a-41629a8195a1","Soul","2020-02-23T19:14:10.238Z","Francis Ford Coppola","Canada",23,"Julian Kobs","Paul Klapper","Dr. Dorothea Langhirt","Fiona Motzenbbäcker","Leonora Mulrain"
"In Da Club","bf47171a-2429-4266-a948-e2873f61d73c","Soul","2004-10-30T13:38:15.110Z","Spike Lee","Canada",2,"Julian Kobs","Luca Streese","Alexia Lübke","Jens Will","Julian Wollenberg"
"Cathy's Clown","c0fdeacf-01a0-4fe6-81ea-25c517a39288","Funk","2006-03-06T09:15:06.527Z","Steven Spielberg","United States",26,"Lian Komoll","Aurora Vater","Levi Decker","Aliya Cors",
"Another Night","c16ea58a-5d32-4a86-9fcc-15726c0d5b6d","Country","2002-06-15T00:26:44.640Z","James Cameron","Spain",0,"Lynn Brinkmann","Ina Ewald","Prof. Dr. Claas Zaituc","Levin Balck","Oke Mensing"
"The Way You Look Tonight","c42dcbc3-cf47-4074-aeee-571f4bad0fce","Non Music","2018-12-09T22:56:19.830Z","Alfred Hitchcock","China",30,"Oke Schultze","Prof. Dr. Tom Zahn","Anton Daudrich","Melinda Reimann","Anja Heydemüller"
"Rhinestone Cowboy","c42e4b11-1b98-4179-8af9-dafe513c0f2e","Rap","2020-12-26T17:43:58.571Z","James Cameron","Italy",0,"Charlotta Tischler","Andrew Schellenbeck","Fiona Motzenbbäcker","Leonora Mulrain","Anja Peter"
"Instant Karma","c5c6457a-0b03-4301-9d01-412c31127117","Hip Hop","2019-06-03T10:28:51.027Z","Martin Scorsese","Mexico",16,"Viktoria Blank","Riccardo Tischmann","Ron Manns","Damien Morhelfer","Melinda Reimann"
"Layla","c6fe3796-cda4-4b06-b164-4f1ca7893483","Folk","2017-03-22T21:04:05.529Z","Martin Scorsese","France",3,"Nora Naubert","Niclas Huth","Ron Manns","Jeremie Theele","Pit Benzing"
"Travellin' Band","c78cc1fc-33ba-45fd-9351-87e323feff91","Jazz","2021-03-20T13:49:53.564Z","Martin Scorsese","Germany",7,"Hagen Spitzmüller","Fiona Motzenbbäcker","James Franke","Maik Balnuweit","Viktoria Blank"
"Singing The Blues","c80592ef-1bb2-4475-8532-a26e30325a73","Blues","2010-10-14T02:56:08.306Z","James Cameron","Italy",30,"Jeremie Theele","Aliya Cors","Viktoria Blank","Dr. Paulina Ophey","Loris Porsche"
"Call Me","ca5ca235-3e89-4cf4-85c1-0f5251a2dbe0","Metal","2010-05-31T06:31:21.511Z","Stanley Kubrick","Canada",27,"Charlotta Tischler","Dr. Paulina Ophey","Jonte Kron","Julian Kobs","Liz Moormann"
"Celebration","cb4ab333-558e-427f-85d2-648f00874749","Funk","2018-02-09T04:27:12.201Z","Quentin Tarantino","Germany",26,"Maryam Briesenick","Tiago Forkel","Andrew Schellenbeck","Liz Moormann","Patrice Evers"
"Green Onions","cbe1b027-3ad6-4927-9f05-d3c6ae0e8af4","Blues","2014-09-03T11:40:10.851Z","Martin Scorsese","Spain",3,"Pit Benzing","Richard Moser","Norman Gerschler","Niclas Huth","Herr Danny Steinkamp"
"Unbelievable","cc286f94-cd70-40f7-86bf-1d0fc658cb45","Soul","2014-05-13T15:19:31.862Z","Stanley Kubrick","United States",7,"Niclas Huth","Thomas Holdt","Aurora Vater","Tiago Forkel","Prof. Dr. Tom Zahn"
"Philadelphia Freedom","cdc2fe12-cdb5-477e-96c1-1a67c3d06c63","Funk","2022-11-12T19:50:35.589Z","Christopher Nolan","France",7,"Franziska Abraham","Nathan Zimanyi","Hagen Spitzmüller","Niclas Huth",
"50 Ways to Leave Your Lover","cf07fc9e-431b-476e-a632-ae3f6b6ca54d","Funk","2014-04-17T01:35:37.878Z","Christopher Nolan","Mexico",13,"Tiago Forkel","Julian Kobs","Eva Wiechmann","Ron Manns","Dr. Dorothea Langhirt"
"All You Need is Love","d14e29a7-49ed-4757-80db-2e89d262005f","Electronic","2017-11-02T04:31:24.611Z","Stanley Kubrick","United States",9,"Patrice Evers","Prof. Dr. Mads Humbert","Marc Nastvogel","Tessa Kleinmann","Maik Sagonas"
"Superstar","d3516bb7-8135-4c2e-8d85-8ec20d04b87b","Rap","2003-01-22T11:36:09.382Z","Martin Scorsese","Mexico",13,"Maryam Briesenick","Laureen Geissler","Janosch Östringer","Prof. Dr. Mads Humbert","Alexia Lübke"
"The Tide is High","d3891338-1a0f-41cf-895e-749158d13420","Jazz","2021-11-23T05:50:38.689Z","Alfred Hitchcock","Turkey",24,"Laureen Geissler","Herr Danny Steinkamp","Gianluca Köseoglu","Anja Heydemüller","Ron Manns"
"Paint it Black","d4e83ff2-34ee-4366-832a-afabb6eb0008","Electronic","2017-02-19T05:18:52.165Z","Quentin Tarantino","United Kingdom",1,"Paul Klapper","Maike Koubaa","Thomas Holdt","Sofia Marxen","Dr. Paulina Ophey"
"Chances Are","d93915e6-eb44-430c-a118-b152e72e2ced","Metal","2017-04-11T10:57:19.932Z","Stanley Kubrick","China",23,"Neele Alizadeh","Janosch Östringer","Maik Balnuweit","Vivienne Buchrucker","Andrew Schellenbeck"
"Cracklin' Rosie","dacc79b7-9780-4be9-935e-a7d0232849a0","Hip Hop","2002-07-31T05:55:36.173Z","Steven Spielberg","Italy",11,"Nora Naubert","Karim Neubauer","Finnley Heiser","Riccardo Tischmann","Niclas Huth"
"The Song From Moulin Rouge (Where Is Your Heart)","db42e9ca-0394-4fb4-aaad-d00a2c087ffe","Non Music","2006-05-17T07:57:34.728Z","Quentin Tarantino","Turkey",28,"Ana Hillard","Franziska Abraham","Jeremie Theele","Charlotta Tischler","Riccardo Tischmann"
"Personality","db93f2ac-f914-4e44-83a5-bc0d99e7e895","Rock","2003-03-15T17:56:16.499Z","Spike Lee","Canada",13,"Fiona Motzenbbäcker","Elia Geyer","Maike Koubaa","Sienna Schultz","Prof. Dr. Claas Zaituc"
"Ray of Light","dbeabf10-4d0c-48a0-8137-80c04202368f","World","2011-05-24T09:14:39.421Z","Spike Lee","Italy",16,"Levi Decker","Aliya Cors","Claas Bauer","Maike Koubaa","Nora Naubert"
"I Can't Get Started","dce0cc53-f840-4335-ae9e-31d16178bb06","Country","2015-04-05T19:29:44.107Z","Spike Lee","Germany",30,"Prof. Dr. Mads Humbert","Viktoria Blank","Denise Muckenthaler","Dr. Paulina Ophey","Jeremie Theele"
"Indian Reservation (The Lament Of The Cherokee Reservation Indian)","dd94036a-7022-4e4c-84b7-f658278c73f7","Country","2015-10-04T03:42:24.058Z","Christopher Nolan","China",7,"Prof. Dr. Mads Humbert","Eva Wiechmann","Mirco Hartz","Gianluca Köseoglu","Cora Jamrozy"
"That's What Friends Are For","ddc09d56-1302-4719-bdf9-10144f5eaab9","Blues","2021-02-05T08:27:32.469Z","Alfred Hitchcock","Italy",2,"Riccardo Tischmann","Franz Illing","Jonte Kron","James Franke","Anton Daudrich"
"Twist & Shout","e050bed8-60c1-437d-9e2c-14e1986a654e","Metal","2021-12-29T05:42:53.112Z","Francis Ford Coppola","United Kingdom",12,"Malia De","Dennis Steinert","Franziska Abraham","Ron Manns","Herr Danny Steinkamp"
"Strangers in the Night","e167672b-719a-4dfc-b9ca-40d58a6ebe8f","Rap","2018-10-15T01:19:46.658Z","Spike Lee","France",21,"Prof. Dr. Tom Zahn","Melinda Reimann","Maik Sagonas","Malia De","Maike Koubaa"
"Let's Hear it For the Boy","e1a68f93-b3c1-4cdf-8c73-692b03fc6d82","Blues","2021-02-16T22:01:17.803Z","Hayao Miyazaki","United States",27,"Marc Nastvogel","Maik Sagonas","Maik Balnuweit","Aliya Cors","Richard Moser"
"This Ole House","e4573caa-7aa3-4c02-b8af-463cdde2a51b","Electronic","2000-12-23T02:31:28.683Z","Stanley Kubrick","United States",8,"Lian Komoll","Thomas Holdt","Maik Balnuweit","Karim Neubauer","Kim Platzer"
"(Just Like) Starting Over","e6520729-a457-4b10-9a86-603ab0d4c520","Electronic","2016-06-30T08:10:10.877Z","Hayao Miyazaki","France",3,"Tessa Kleinmann","Luca Streese","Vin Forst","Nathan Zimanyi","Jens Will"
"You've Lost That Lovin' Feelin'","e882c03d-803d-4925-8843-c0064d9dc1a1","Folk","2022-11-18T11:45:11.686Z","Martin Scorsese","Spain",2,"Julian Kobs","Sofia Marxen","Jeremie Theele","Tessa Kleinmann","Sienna Schultz"
"He's a Rebel","e88378aa-412e-428f-9851-457fb2a730a2","Rock","2009-09-01T20:17:43.615Z","Francis Ford Coppola","Italy",3,"Zehra Donie","Jeremie Theele","Damien Morhelfer","Vivienne Buchrucker","Pit Benzing"
"A Boy Named Sue","e890dee8-5956-430c-a0a6-c502a6885f0a","Funk","2017-01-14T12:14:45.531Z","James Cameron","United States",23,"James Franke","Vivienne Buchrucker","Prof. Dr. Mads Humbert","Pit Benzing","Leonora Mulrain"
"Music","e9e7c61a-af01-402d-bb9c-cd3da39c4d84","Hip Hop","2012-01-20T13:52:02.841Z","Stanley Kubrick","Germany",20,"Maik Balnuweit","Sönke Mues","Marc Nastvogel","Anja Heydemüller","Carlotta Elbe"
"1999","ec9f5fbe-3b2c-4c52-8483-3dc5b155b486","Country","2005-03-23T01:50:50.339Z","Martin Scorsese","United Kingdom",8,"Tessa Kleinmann","Anton Daudrich","Janosch Östringer","Sienna Schultz","Prof. Dr. Mads Humbert"
"One Bad Apple","ecd2e73f-5594-4ac3-afe9-ed2287e67136","World","2013-07-14T07:16:40.655Z","Martin Scorsese","Turkey",30,"Gianluca Köseoglu","Prof. Dr. Tom Zahn","Nathan Zimanyi","Lennie Mattern","Andrew Schellenbeck"
"Frenesi","edacddef-7d57-4439-bfe6-910b4f031344","Soul","2019-07-09T14:23:06.233Z","Hayao Miyazaki","United Kingdom",27,"Magdalena Schönball","Yunus Kaul","Viktoria Blank","Aimee Bogdashin","Riccardo Tischmann"
"Wooly Bully","eddbdbbc-488e-4962-ab9f-d5ec3323e103","Rap","2001-03-22T17:38:11.355Z","Martin Scorsese","Italy",26,"Elia Geyer","Aliya Cors","Luca Streese","Prof. Dr. Claas Zaituc","Nora Naubert"
"Mack the Knife","ef342daa-1d0b-4fab-b411-efe0bf2a6fce","Jazz","2022-03-17T12:37:09.858Z","Hayao Miyazaki","United Kingdom",26,"Janosch Östringer","Sönke Mues","Prof. Dr. Tom Zahn","Vivienne Buchrucker","Tessa Kleinmann"
"Be Bop a Lula","f05341b5-4119-4787-9a0e-caf7a5ce62e9","Funk","2010-04-09T08:43:54.866Z","Quentin Tarantino","China",2,"Magdalena Schönball","Carlotta Elbe","Julian Kobs","Ana Hillard","Julian Wollenberg"
"Hot Child In The City","f05cbf93-c290-4bb3-b998-bf13d6a1fad8","Reggae","2001-04-01T15:35:15.015Z","James Cameron","Germany",7,"Melissa Hildenbrand","Nora Naubert","Yunus Kaul","Emmely Rohrer",
"Ole Buttermilk Sky","f1b042cf-e6b5-42a2-bb79-36c838256a89","World","2015-10-19T18:17:02.175Z","Christopher Nolan","United States",5,"Pit Benzing","Sebastian Greb","Dennis Steinert","Niclas Huth","Theresa Pressler"
"Leaving","f22dd756-5230-4ead-a183-934fba0b6efc","Soul","2005-11-20T10:23:57.004Z","Alfred Hitchcock","Spain",24,"Sönke Mues","Neele Alizadeh","Dennis Steinert","Maryam Briesenick","Thomas Holdt"
"Band On the Run","f31b0e99-8fe1-4683-a7fb-37da6dd3f34f","Rock","2017-10-14T05:38:37.871Z","Alfred Hitchcock","Germany",10,"Andrew Schellenbeck","Thomas Holdt","Lucian Büttner","Dr. Jolin Benzing",
"St George & the Dragonette","f3e33f47-e877-49da-8e63-1a615c30f654","World","2019-06-25T10:08:22.096Z","Martin Scorsese","United Kingdom",2,"James Franke","Oke Mensing","Franz Illing","Ana Hillard",
"Cat's in the Cradle","f42c56eb-f87e-4d59-a4a7-dc7d2fce5f9a","Metal","2001-06-23T13:48:50.743Z","Alfred Hitchcock","United Kingdom",17,"Jonte Kron","Lynn Brinkmann","Peter Stolz","Prof. Dr. Mads Humbert","Cora Jamrozy"
"Rags to Riches","f460236d-429d-4cf6-8828-1cc488a9e55c","Country","2006-12-05T11:05:27.360Z","James Cameron","Mexico",21,"Herr Danny Steinkamp","Ron Manns","Neele Alizadeh","Maik Balnuweit","Maryam Briesenick"
"Raindrops Keep Falling On My Head","f646130d-468b-4cbd-9358-b6e0c4f198f9","Soul","2021-07-29T10:30:50.877Z","Hayao Miyazaki","Italy",0,"Dr. Dorothea Langhirt","Sebastian Greb","Jil Beck","Julian Kobs","Claas Bauer"
"If You Leave Me Now","f6507283-fd83-487c-9c74-bba92223888f","Hip Hop","2021-06-17T11:31:02.217Z","Francis Ford Coppola","Germany",22,"Ron Manns","Leonora Mulrain","Prof. Dr. Claas Zaituc","Henrike Fricke","Damien Morhelfer"
"Rosanna","f77fd4b6-cb5c-4aac-9870-982aac827fdc","Rap","2008-04-19T15:46:24.347Z","Francis Ford Coppola","Italy",7,"Eva Wiechmann","Lucian Büttner","Viktoria Blank","Aliya Cors","Nathan Zimanyi"
"War","f7dbc9f9-b525-4848-b5e6-7462f0494a6b","Soul","2016-10-06T11:43:11.559Z","Spike Lee","China",23,"Dr. Dorothea Langhirt","Gianluca Köseoglu","Dr. Jolin Benzing","Charlotta Tischler","Loris Porsche"
"At Last","f9bb1d59-c040-46e0-a845-acbe183348da","Stage And Screen","2004-06-08T08:26:35.450Z","Martin Scorsese","United States",1,"Lene Philipp","Laureen Geissler","Franz Illing","Levi Decker","Levin Balck"
"Mony Mony","faceb3c1-0123-4fff-b7d8-1dcc3b6eaa2f","Hip Hop","2004-08-11T19:11:33.167Z","Hayao Miyazaki","Turkey",18,"Thomas Holdt","Lene Philipp","Franziska Abraham","Maik Balnuweit","Sönke Mues"
"Hey Paula","fb06ad94-6b1d-4015-b8c7-b7d1cd45df05","Folk","2008-04-01T22:54:05.303Z","Steven Spielberg","Italy",16,"Nora Naubert","Norman Gerschler","Julian Wollenberg","Ina Ewald",
"9 to 5","fb4dd7cf-f4a6-4b3d-93cf-38e06a900dc0","Folk","2006-12-21T15:53:04.209Z","Spike Lee","United States",29,"Thomas Holdt","Julian Wollenberg","Maryam Briesenick","Levin Balck","Jens Will"
"You Sexy Thing","fcb8b846-6fc3-4b12-8a5f-4d11dd81e58c","Pop","2012-11-25T23:40:58.299Z","Stanley Kubrick","Italy",13,"Dr. Dorothea Langhirt","Leonora Mulrain","Lynn Brinkmann","Claas Bauer","Malia De"
"In the End","fd016f66-810f-44e3-8cb0-9326b5d835e3","Pop","2009-04-03T21:46:03.228Z","Stanley Kubrick","United States",4,"Sienna Schultz","Gianluca Köseoglu","Dr. Dorothea Langhirt","Liz Moormann","Emmely Rohrer"
"Hello Dolly","fd47d8a8-e3e5-4b4f-bc80-803987f951d8","Country","2012-09-08T20:25:41.357Z","Steven Spielberg","Turkey",11,"Dennis Steinert","Sönke Mues","Charlotta Tischler","Riccardo Tischmann","Prof. Dr. Tom Zahn"
"My Blue Heaven","ff28b32d-24a7-4cdc-a9e8-254ae5e95ee9","Hip Hop","2001-11-07T11:16:19.173Z","Christopher Nolan","China",11,"Anton Daudrich","Malia De","Prof. Dr. Mads Humbert","Eva Wiechmann","Aliya Cors"
"Spill the Wine","ff76ebaf-8640-4ec8-ac0a-c6ba607b3dc2","Country","2004-06-22T04:20:04.945Z","Quentin Tarantino","United Kingdom",17,"Maryam Briesenick","Hagen Spitzmüller","Aurora Vater","Julian Wollenberg","Prof. Dr. Mads Humbert"